{
  "loss": [
    1.36061692237854,
    1.3581613302230835,
    1.353912591934204,
    1.3525696992874146
  ],
  "val_auc": [
    0.48851098289300543,
    0.48840975807267945,
    0.48820730843202753,
    0.4879036339710497
  ],
  "val_logloss": [
    1.379963933305694,
    1.379827706185575,
    1.3797371468391066,
    1.3796663737437553
  ]
}